ADDRESS_FULL,ADDRESS_NUMBER,ADDRESS_POINT_ID,BICYCLE_CAPACITY,BY_LAW,CENTRELINE_ID,CITY,DETAILS,FLANKING,GENERAL_USE_CODE,HI_NUM,HI_NUM_SUF,ID,LATITUDE,LINEAR_NAME_FULL,LINEAR_NAME_ID,LONGITUDE,LO_NUM,LO_NUM_SUF,MUNICIPALITY,OBJECTID,PARKING_TYPE,PLACE_NAME,POSTAL_CODE,SIZE_M,WARD,X,Y,YEAR_INSTALLED,_id,geometry
1 Albany Ave,1,8417835,8,N/A,14014600,Toronto,,Bloor St W,115001,,,1,43.6657287758,Albany Ave,2859,-79.4099418347,1,,former Toronto,1,Bike Rack,,M5R 3C2,2.9,University-Rosedale (11),,,2017,7840,POINT (-79.40993859086826 43.6657201946865)
1 St Clair Ave E,1,10154425,24,N/A,10154405,Toronto,,Yonge St,115001,,,2,43.6879197451,St Clair Ave E,339,-79.3935741178,1,,former Toronto,2,Bike Rack,,M4T 2V7,2.9,Toronto-St. Paul's (12),,,2016,7841,POINT (-79.39357087440868 43.68791115683658)
10 Linnsmore Cres,10,7939998,18,N/A,14023269,Toronto,,Linnsmore Cr,115001,,,3,43.6825806212,Linnsmore Cres,11375,-79.3302953949,10,,former Toronto,3,Bike Rack,,M4J 4J6,2.9,Toronto-Danforth (14),,,2016,7842,POINT (-79.33029217089205 43.68257203170756)
100 Queen St W,100,856375,120,N/A,1145216,Toronto,,Queen St W,104001,,,4,43.65282214,Queen St W,4238,-79.383625059,100,,former Toronto,4,Bike Rack,Nathan Phillips Square,M5H 2N1,2.9,Spadina-Fort York (10),,,2015,7843,POINT (-79.38362505521314 43.65282214231822)
101 Sherbourne St,101,20140670,8,N/A,1144819,Toronto,,Richmond St E,112001,,,5,43.653670735,Sherbourne St,4391,-79.3689149321,101,,former Toronto,5,Bike Rack,,M5A 2R3,2.9,Toronto Centre (13),,,2016,7844,POINT (-79.36891169731643 43.65366215584925)
1030 King St W,1030,3120556,16,N/A,3155022,Toronto,,King St W,113001,,,6,43.6415894297,King St W,3780,-79.4157619233,1030,,former Toronto,6,Bike Rack,,M6K 0B4,2.9,Spadina-Fort York (10),,,2016,7845,POINT (-79.41575867546813 43.64158085366741)
1032 Bloor St W,1032,773157,8,N/A,1143789,Toronto,,Salem Ave,107010,,,7,43.6609655067,Bloor St W,458,-79.4316095102,1032,,former Toronto,7,Bike Rack,,M6H 1M2,2.9,Davenport (9),,,2015,7846,POINT (-79.43160625984351 43.66095692246044)
1034 Bloor St W,1034,773158,5,N/A,1143821,Toronto,,Salem Ave,107010,,,8,43.6608934566,Bloor St W,458,-79.4319374749,1034,,former Toronto,8,Angled Bike Rack,,M6H 1M3,2.9,Davenport (9),,,2016,7847,POINT (-79.4319342255372 43.66088487342197)
1036 Bloor St W,1036,14210930,8,N/A,1143821,Toronto,,Bloor St W,115001,,,9,43.6608299006,Bloor St W,458,-79.4319416136,1036,,former Toronto,9,Bike Rack,,M6H 1M3,2.9,Davenport (9),,,2014,7848,POINT (-79.43193836411021 43.66082131739292)
11 Charlotte St,11,14199241,8,N/A,14025593,Toronto,,Charlotte St,115001,,,10,43.64637784,Charlotte St,3147,-79.393669884,11,,former Toronto,10,Bike Rack,,M5V 0M6,2.9,Spadina-Fort York (10),,,2017,7849,POINT (-79.39366987847779 43.64637784242471)
1140 Yonge St,1140,887713,8,N/A,1140465,Toronto,,Malborough Ave,112001,,,11,43.679518828,Yonge St,4733,-79.3910503989,1140,,former Toronto,11,Bike Rack,,M4W 2L8,2.9,University-Rosedale (11),,,2016,7850,POINT (-79.39104715975837 43.67951024396563)
1184 Queen St W,1184,7553175,14,NO,7553178,Toronto,,Northcote Ave,115001,,,12,43.6430370819,Queen St W,4238,-79.4257879468,1184,,former Toronto,12,Bike Corral,,M6J 1J5,5.5,Davenport (9),,,2013,7851,POINT (-79.42578469680919 43.64302849915006)
1190 Dundas St E,1190,30072958,8,N/A,7576995,Toronto,,Carlaw Ave,115001,,,13,43.665267525,Dundas St E,3334,-79.34103364,1190,,former Toronto,13,Bike Rack,,M4M 0C5,2.9,Toronto-Danforth (14),,,2016,7852,POINT (-79.34103364559273 43.66526752563123)
12 Emerson Ave,12,10334643,14,NO,14012771,Toronto,,Emerson Ave,115001,,,14,43.6593915609,Emerson Ave,3396,-79.4413165441,12,,former Toronto,14,Bike Corral,,M6H 3S8,5.5,Davenport (9),,,2014,7853,POINT (-79.44131329219147 43.65938297793613)
12 Madison Ave,12,8408615,8,N/A,30104520,Toronto,,Madison Ave,115001,,,15,43.667759198,Madison Ave,3896,-79.403321341,12,,former Toronto,15,Bike Rack,,M5R 2S1,2.9,University-Rosedale (11),,,2016,7854,POINT (-79.40332134027638 43.66775919992266)
12 Ossington Ave,12,7570973,5,N/A,7570969,Toronto,,Ossington Ave,107010,,,16,43.6444679051,Ossington Ave,4125,-79.4193814148,12,,former Toronto,16,Angled Bike Rack,,M6J 2Y7,2.9,Spadina-Fort York (10),,,2016,7855,POINT (-79.41937816820536 43.64445933011408)
122 Bond St,122,773911,16,N/A,14021112,Toronto,,Bond St,102007,,,17,43.6573867013,Bond St,3029,-79.3791420197,122,,former Toronto,17,Bike Rack,,M5B 1X8,2.9,Toronto Centre (13),,,2016,7856,POINT (-79.37913878518162 43.65737812162166)
124 Spadina Ave,124,7930799,28,NO,7930670,Toronto,,Camden St,115001,,,18,43.6471924893,Spadina Ave,4426,-79.396341776,124,,former Toronto,18,Bike Corral,,,12.0,Spadina-Fort York (10),,,2015,7857,POINT (-79.39633854409118 43.64718390848952)
137 Bond St,137,773913,8,N/A,14021112,Toronto,,Dalhousie St,102008,,,19,43.657831292,Bond St,3029,-79.3787214014,137,,former Toronto,19,Bike Rack,,M5B 1Y2,2.9,Toronto Centre (13),,,2016,7858,POINT (-79.37871816884744 43.65782271183339)
138 Fort York Blvd,138,30015452,8,N/A,30015458,Toronto,,Ft York Blvd,100001,,,20,43.6393893408,Fort York Blvd,15826,-79.3987903403,138,,former Toronto,20,Bike Rack,,M5V 0E3,2.9,Spadina-Fort York (10),,,2016,7859,POINT (-79.39878710319064 43.63938076105215)
1485 Dupont St,1485,8293016,14,NO,14013265,Toronto,,Campbell Ave,115001,,,21,43.665799329,Dupont St,3343,-79.450190577,1485,,former Toronto,21,Bike Corral,,M6P 3S2,5.5,Davenport (9),,,2016,7860,POINT (-79.45019057476479 43.66579933254921)
150 Borough Dr,150,310564,8,N/A,107945,Toronto,,Borough Dr,104001,,,22,43.772810589,Borough Dr,7397,-79.257240956,150,,Scarborough,22,Bike Rack,Albert Campbell Square,M1P 4N7,2.9,Scarborough Centre (21),,,2014,7861,POINT (-79.25724095781193 43.772810586741)
150 King St W,150,828221,8,N/A,1145855,Toronto,,University Ave,104008,,,23,43.6482228561,King St W,3780,-79.3842355046,150,,former Toronto,23,Bike Rack,,M5H 1J9,2.9,Spadina-Fort York (10),,,2017,7862,POINT (-79.3842322745632 43.64821427847949)
1560 Yonge St,1560,11272519,8,N/A,14242419,Toronto,,Delisle Ave,115001,,,24,43.6896869408,Yonge St,4733,-79.3951301472,1560,,former Toronto,24,Bike Rack,,M4T 2S9,2.9,Toronto-St. Paul's (12),,,2016,7863,POINT (-79.39512690124006 43.68967835300033)
157 Dan Leckie Way,157,20364734,8,N/A,20364648,Toronto,,Dan Leckie Way,100001,,,25,43.639893113,Dan Leckie Way,17007,-79.398005538,157,,former Toronto,25,Bike Rack,,M5V 4A8,2.9,Spadina-Fort York (10),,,2016,7864,POINT (-79.39800553272747 43.63989311792152)
1595 Dupont St,1595,8312904,8,N/A,8312902,Toronto,,Franklin Ave,115001,,,26,43.6649444707,Dupont St,3343,-79.4542225691,1595,,former Toronto,26,Bike Rack,,M6P 3S8,2.9,Davenport (9),,,2017,7865,POINT (-79.45421931798984 43.66493588945114)
163 Dan Leckie Way,163,20362129,8,N/A,20364648,Toronto,,Iceboat Ter,100001,,,27,43.640054195,Dan Leckie Way,17007,-79.398068614,163,,former Toronto,27,Bike Rack,,M5V 4A8,2.9,Spadina-Fort York (10),,,2016,7866,POINT (-79.39806860815084 43.64005419981464)
180 Shaw St,180,866475,18,N/A,14018156,Toronto,,Shaw St,102001,,,28,43.6469074879,Shaw St,4388,-79.4175895075,180,,former Toronto,28,Bike Shelter,Givins/Shaw Ps Jr. & Sr.,M6J 2W5,7.6,Spadina-Fort York (10),,,2013,7867,POINT (-79.41758626104539 43.64689890835729)
192 Spadina Ave,192,14069353,14,NO,10494196,Toronto,,Spadina Ave,104008,,,29,43.6499464725,Spadina Ave,4426,-79.3976521421,192,,former Toronto,29,Bike Corral,,M5T 2C2,5.5,Spadina-Fort York (10),,,2015,7868,POINT (-79.39764889841622 43.64993789518881)
196 Spadina Ave,196,14199528,8,N/A,10494196,Toronto,,Spadina Ave,115001,,,30,43.650133133,Spadina Ave,4426,-79.3973738937,196,,former Toronto,30,Bike Rack,,M5T 2C2,2.9,Spadina-Fort York (10),,,2016,7869,POINT (-79.39737065200185 43.65012454998836)
1978 Queen St E,1978,9980057,8,N/A,9980046,Toronto,,Waverley Rd,115001,,,31,43.6699814494,Queen St E,4237,-79.3011395253,1978,,former Toronto,31,Bike Rack,,M4L 1H8,2.9,Beaches-East York (19),,,2017,7870,POINT (-79.30113631549565 43.66997286101037)
2 Bloor St W,2,8408498,32,N/A,10759265,Toronto,,Yonge St,115001,,,32,43.6704090249,Bloor St W,458,-79.3872332867,2,,former Toronto,32,Bike Rack,,M4W 3E2,2.9,University-Rosedale (11),,,2016,7871,POINT (-79.3872300479029 43.67040043600833)
20 Northcote Ave,20,9468140,10,N/A,14018614,Toronto,,Northcote Ave,115001,,,33,43.6431341376,Northcote Ave,4070,-79.4264379956,20,,former Toronto,33,Bike Shelter,,,3.0,Davenport (9),,,2015,7872,POINT (-79.42643474768728 43.64312555805504)
200 King St E,200,828085,14,NO,1145266,Toronto,,George St,102007,,,34,43.6511090476,King St E,3779,-79.3701888847,200,,former Toronto,34,Bike Corral,,M5A 3W8,10.0,Toronto Centre (13),,,2014,7873,POINT (-79.37018566189477 43.65110046423302)
200 King St E,200,828085,16,N/A,1145266,Toronto,,Adelaide St E and Frederick St,102007,,,35,43.6511090476,King St E,3779,-79.3701888847,200,,former Toronto,35,Bike Rack,,M5A 3W8,2.9,Toronto Centre (13),,,2017,7874,POINT (-79.37018566189477 43.65110046423302)
200 King St W,200,7929674,8,N/A,7929673,Toronto,,University Ave,104008,,,36,43.6479138553,King St W,3780,-79.3857236532,200,,former Toronto,36,Bike Rack,,M5H 3T4,2.9,Spadina-Fort York (10),,,2016,7875,POINT (-79.38572041760483 43.64790527378369)
2000 Yonge St,2000,10430677,8,N/A,10430667,Toronto,,Glebe Rd W,115001,,,37,43.7004829233,Yonge St,4733,-79.3973847863,2000,,former Toronto,37,Bike Rack,,M4S 1Z7,2.9,Toronto-St. Paul's (12),,,2016,7876,POINT (-79.39738154413756 43.70047433217057)
205 Spadina Ave,205,14207146,14,Y,10494196,Toronto,,Spadina Ave,115001,,,38,43.6504340201,Spadina Ave,4426,-79.3966222664,205,,former Toronto,38,Bike Corral,,M5T 2C7,11.0,Spadina-Fort York (10),,,2010,7877,POINT (-79.39661903219347 43.6504254363213)
21 Gerrard St E,21,7641979,16,N/A,7641994,Toronto,,Gerrard St E,115001,,,39,43.6591710993,Gerrard St E,3495,-79.3811031407,21,,former Toronto,39,Bike Rack,,,2.9,Toronto Centre (13),,,2016,7878,POINT (-79.38109991138364 43.65916251713963)
213 Delaware Ave,213,13991178,5,N/A,20033433,Toronto,,Delaware Ave,115001,,,40,43.6620659774,Delaware Ave,3283,-79.4278740645,213,,former Toronto,40,Angled Bike Rack,,M6H 2T4,2.9,Davenport (9),,,2014,7879,POINT (-79.42787081820012 43.66205739909658)
213 Delaware Ave,213,13991178,8,NO,20033433,Toronto,,Delaware Ave,115001,,,41,43.6620659774,Delaware Ave,3283,-79.4278740645,213,,former Toronto,41,Bike Corral,,M6H 2T4,3.0,Davenport (9),,,2014,7880,POINT (-79.42787081820012 43.66205739909658)
2198 Yonge St,2198,14206623,16,N/A,14230407,Toronto,,Soudan Ave,115001,,,42,43.7058913778,Yonge St,4733,-79.3984271446,2198,,former Toronto,42,Bike Rack,,M4S 2B8,2.9,Toronto-St. Paul's (12),,,2016,7881,POINT (-79.39842390715731 43.70588278946062)
22 Fort York Blvd,22,20111213,8,N/A,20035046,Toronto,,Fort York Blvd,112001,,,43,43.6405667171,Fort York Blvd,15826,-79.3941996403,22,,former Toronto,43,Bike Rack,,M5V 3Z2,2.9,Spadina-Fort York (10),,,2017,7882,POINT (-79.39419639930701 43.6405581341619)
222 Spadina Ave,222,10494377,16,N/A,10494181,Toronto,,Spadina Ave,115001,,,44,43.6509372448,Spadina Ave,4426,-79.3978409971,222,,former Toronto,44,Bike Rack,,M5T 3B3,2.9,Spadina-Fort York (10),,,2016,7883,POINT (-79.39783776502669 43.65092866385879)
236 Augusta Ave,236,765142,24,Y,1144604,Toronto,,Augusta Ave,107010,,,45,43.6553540887,Augusta Ave,2918,-79.4025981184,236,,former Toronto,45,Bike Corral,,M5T 2L7,12.0,University-Rosedale (11),,,2012,7884,POINT (-79.40259487456824 43.65534550615219)
241 Wellington St W,241,880972,16,N/A,1146352,Toronto,,John St,113001,,,46,43.6449607183,Wellington St W,4652,-79.3900166399,241,,former Toronto,46,Bike Rack,,,2.9,Spadina-Fort York (10),,,2016,7885,POINT (-79.39001341019835 43.64495213977274)
26 Dundas St E,26,7641709,8,N/A,7641747,Toronto,,Victoria St,115001,,,47,43.656526159,Dundas St E,3334,-79.3799807535,26,,former Toronto,47,Bike Rack,,M5B 2L6,2.9,Toronto Centre (13),,,2017,7886,POINT (-79.37997752460312 43.65651757612925)
266 King St E,266,8353493,8,N/A,8353517,Toronto,,Ontario St,115001,,,48,43.6519713032,King St E,3779,-79.3663452803,266,,former Toronto,48,Bike Rack,,M5A 1K3,2.9,Toronto Centre (13),,,2016,7887,POINT (-79.36634205063191 43.65196272165955)
268 College St,268,9942213,14,NO,14022731,Toronto,,College St,115001,,,49,43.658148722,College St,9765,-79.400514957,268,,former Toronto,49,Bike Corral,,M5T 1S1,5.5,University-Rosedale (11),,,2016,7888,POINT (-79.40051495536409 43.65814872484451)
277 Victoria St,277,7642554,8,N/A,30075808,Toronto,,Dundas St E,104008,,,50,43.656558914,Victoria St,9790,-79.379338576,277,,former Toronto,50,Bike Rack,,M5B 1W2,2.9,Toronto Centre (13),,,2016,7889,POINT (-79.3793385702209 43.65655891278654)
28 Duncan St,28,10864283,14,NO,14036084,Toronto,,Nelson St,115001,,,51,43.6487897716,Duncan St,3331,-79.3892131181,28,,former Toronto,51,Bike Corral,,,5.5,Spadina-Fort York (10),,,2015,7890,POINT (-79.38920987958278 43.64878119306491)
300 Victoria St,300,14171704,32,N/A,30075809,Toronto,,Gould St,115001,,,52,43.657512627,Victoria St,9790,-79.380237679,300,,former Toronto,52,Bike Rack,,,2.9,Toronto Centre (13),,,2016,7891,POINT (-79.38023767388977 43.65751263315352)
315 Bloor St W,315,772775,8,N/A,1142564,Toronto,,Bloor St W,102007,,,53,43.667455529,Bloor St W,458,-79.398565687,315,,former Toronto,53,Bike Rack,,M5S 1A3,2.9,University-Rosedale (11),,,2016,7892,POINT (-79.39856245006341 43.66744694243059)
35 York St,35,30069161,30,N/A,13975053,Toronto,,Front St W,108002,,,54,43.64379067,York St,4735,-79.381465101,35,,former Toronto,54,Angled Bike Rack,,M5J 0C7,2.9,Spadina-Fort York (10),,,2015,7893,POINT (-79.38146510141118 43.64379067315954)
350 Victoria St,350,7730108,8,N/A,30060911,Toronto,,Gould St,115001,,,55,43.65776563,Victoria St,9790,-79.380479827,350,,former Toronto,55,Bike Rack,,M5B 2K3,2.9,Toronto Centre (13),,,2016,7894,POINT (-79.38047982602923 43.65776563546564)
3530 Sheppard Ave E,3530,6292601,8,N/A,6292597,Toronto,,Sheppard Ave E,102003,,,56,43.7812163629,Sheppard Ave E,6698,-79.3030994655,3530,,Scarborough,56,Bike Rack,Holy Spirit Catholic School,M1T 3K7,2.9,Scarborough-Agincourt (22),,,2014,7895,POINT (-79.303096242086 43.78120775326263)
357 Bay St,357,7929475,8,N/A,7929469,Toronto,,Temperance St,115001,,,57,43.650842985,Bay St,2962,-79.3808802374,357,,former Toronto,57,Bike Rack,,M5H 2T7,2.9,Toronto Centre (13),,,2016,7896,POINT (-79.38087699988185 43.65083440423785)
35D Bathurst St,35D,30019115,8,N/A,8457361,Toronto,,Bathurst St,112001,,,58,43.6422342931,Bathurst St,436,-79.4017282069,35,D,former Toronto,58,Bike Rack,,M5V 2P2,2.9,Spadina-Fort York (10),,,2016,7897,POINT (-79.4017249691283 43.64222571583498)
36 Lisgar St,36,30035743,8,N/A,14024655,Toronto,,Lisgar St,100002,,,59,43.641738641,Lisgar St,3859,-79.423315745,36,,former Toronto,59,Bike Rack,,M6J 0C7,2.9,Davenport (9),,,2016,7898,POINT (-79.42331574611123 43.64173864705062)
362 Bloor St W,362,10736597,8,N/A,10736589,Toronto,,Walmer Rd,109001,,,60,43.6665220156,Bloor St W,458,-79.4057871962,362,,former Toronto,60,Bike Rack,The Living Stone Church,M5S 1X2,2.9,University-Rosedale (11),,,2016,7899,POINT (-79.40578395724863 43.66651342817213)
375 St Clair Ave W,375,12562241,20,N/A,30076115,Toronto,,St Clair Ave W,106001,,,61,43.683694625,St Clair Ave W,890,-79.414329031,375,,former Toronto,61,Bike Shelter,Nordheimer Ravine,,10.0,Toronto-St. Paul's (12),,,2011,7900,POINT (-79.414329030521 43.68369462848482)
38 Orchard View Blvd,38,13968174,8,N/A,10258454,Toronto,,Yonge St,107009,,,62,43.7082253083,Orchard View Blvd,4111,-79.3996833833,38,,former Toronto,62,Bike Rack,,M4R 2G3,2.9,Eglinton-Lawrence (8),,,2016,7901,POINT (-79.39968014457334 43.70821671331101)
40 High Park Ave,40,7994464,20,N/A,7994458,Toronto,,High Park Ave,115001,,,63,43.6547197987,High Park Ave,3660,-79.4663714027,40,,former Toronto,63,Bike Shelter,,M6P 2S1,10.0,Parkdale-High Park (4),,,2013,7902,POINT (-79.46636814789083 43.65471122240528)
40 Orchard View Blvd,40,10258457,8,N/A,10258454,Toronto,,Roehampton Ave,107009,,,64,43.7082784933,Orchard View Blvd,4111,-79.4000672949,40,,former Toronto,64,Bike Rack,Northern District Public Library,M4R 1B9,2.9,Eglinton-Lawrence (8),,,2016,7903,POINT (-79.40006404847881 43.70826990505106)
400 Yonge St,400,7730077,8,N/A,7730098,Toronto,,Gerrard St W,115001,,,65,43.6595503461,Yonge St,4733,-79.3826500538,400,,former Toronto,65,Bike Rack,,,2.9,University-Rosedale (11),,,2016,7904,POINT (-79.38264682227708 43.65954175812542)
429 College St,429,785313,8,N/A,1144402,Toronto,,Bathurst St,104008,,,66,43.6562918145,College St,9765,-79.4072880289,429,,former Toronto,66,Bike Rack,,M5T 1T2,2.9,University-Rosedale (11),,,2016,7905,POINT (-79.40728478412657 43.65628323340167)
44 Lisgar St,44,30035742,8,N/A,14024655,Toronto,,Lisgar St,107010,,,67,43.642086536,Lisgar St,3859,-79.423441189,44,,former Toronto,67,Bike Rack,,,2.9,Davenport (9),,,2016,7906,POINT (-79.42344118566274 43.64208653522892)
441 King St W,441,10223670,8,N/A,10223667,Toronto,,King St W,115001,,,68,43.645148834,King St W,3780,-79.395671529,441,,former Toronto,68,Bike Rack,,M5V 1K4,2.9,Spadina-Fort York (10),,,2016,7907,POINT (-79.39567152285778 43.64514883966961)
449 Parliament St,449,9980658,8,N/A,14023933,Toronto,,Spruce St,115001,,,69,43.6635151665,Parliament St,4162,-79.3671658667,449,,former Toronto,69,Bike Rack,,M5A 3A3,2.9,Toronto Centre (13),,,2016,7908,POINT (-79.36716264149887 43.66350658442036)
468 King St W,468,10223676,8,N/A,10223667,Toronto,,King St W,115001,,,70,43.6455536656,King St W,3780,-79.3959299602,468,,former Toronto,70,Bike Rack,,M5V 1L8,2.9,Spadina-Fort York (10),,,2016,7909,POINT (-79.39592671852915 43.64554508749305)
47 Lower River St,47,30038007,24,N/A,30037989,Toronto,,Trolley Cres,100002,,,71,43.656498597,Lower River St,19546,-79.355541057,47,,former Toronto,71,Bike Rack,,M5A 0G1,2.9,Toronto Centre (13),,,2016,7910,POINT (-79.35554106317002 43.65649859699084)
49 Givins St,49,11180397,8,N/A,11180398,Toronto,,Shaw St,102002,,,72,43.6464162386,Givins St,3505,-79.417587538,49,,former Toronto,72,Bike Rack,Givins/Shaw Public School,M6J 2X5,2.9,Spadina-Fort York (10),,,2013,7911,POINT (-79.41758429237665 43.64640765734767)
490 Bloor St W,490,12107167,8,N/A,12107157,Toronto,,Albany Ave,115001,,,73,43.6656369208,Bloor St W,458,-79.4097654543,490,,former Toronto,73,Bike Rack,,M5S 1X8,2.9,University-Rosedale (11),,,2016,7912,POINT (-79.40976220625278 43.66562834096708)
5 Bartonville Ave E,5,51630,8,N/A,20112838,Toronto,,,104008,,,74,43.6894931774,Bartonville Ave E,433,-79.4945859412,5,,York,74,Bike Rack,,M6M 2B1,2.9,York South-Weston (5),,,2017,7913,POINT (-79.49458267506101 43.68948459393456)
5 Salem Ave,5,14210933,8,N/A,14011464,Toronto,,Salem Ave,115001,,,75,43.6608537092,Salem Ave,4354,-79.4315633534,5,,former Toronto,75,Bike Rack,,M6H 3C2,2.9,Davenport (9),,,2014,7914,POINT (-79.43156010239449 43.6608451251421)
5 Walmer Rd,5,14211049,8,N/A,10759044,Toronto,,Walmer Rd,115001,,,76,43.6667110908,Walmer Rd,940,-79.4053816236,5,,former Toronto,76,Bike Rack,,,2.9,University-Rosedale (11),,,2016,7915,POINT (-79.40537838293081 43.66670250827347)
50 Portland St,50,854435,14,NO,14025624,Toronto,,Wellington St W,112001,,,77,43.64339526,Portland St,9780,-79.399965439,50,,former Toronto,77,Bike Corral,,M5V 2M7,5.5,Spadina-Fort York (10),,,2016,7916,POINT (-79.39996543566814 43.64339525924578)
500 King St W,500,10223683,8,N/A,10223667,Toronto,,King St W,115001,,,78,43.6453242368,King St W,3780,-79.3968083748,500,,former Toronto,78,Bike Rack,,M5V 1L9,2.9,Spadina-Fort York (10),,,2016,7917,POINT (-79.39680513800488 43.64531565582958)
509 Bloor St W,509,772852,8,N/A,1142919,Toronto,,Borden St W,107010,,,79,43.6654694823,Bloor St W,458,-79.4083892434,509,,former Toronto,79,Bike Rack,,M5S 1Y2,2.9,University-Rosedale (11),,,2017,7918,POINT (-79.40838599647337 43.66546090160737)
511 King St W,511,10222755,8,N/A,10222754,Toronto,,King St W,115001,,,80,43.6446321357,King St W,3780,-79.3978526577,511,,former Toronto,80,Bike Rack,,M5V 2Z4,2.9,Spadina-Fort York (10),,,2016,7919,POINT (-79.39784941753015 43.64462355132942)
516 Glenlake Ave,516,7466874,8,N/A,7466844,Toronto,,Glendonwynne Rd,106001,,,81,43.656121242,Glenlake Ave,3546,-79.474104821,516,,former Toronto,81,Bike Rack,Glenlake Square,,2.9,Parkdale-High Park (4),,,2017,7920,POINT (-79.47410482203614 43.65612124644892)
522 University Ave,522,2854062,16,N/A,2854059,Toronto,,Elm St,104008,,,82,43.6559270216,University Ave,4583,-79.389383358,522,,former Toronto,82,Bike Rack,,M5G 1W7,2.9,University-Rosedale (11),,,2016,7921,POINT (-79.38938012036053 43.65591843518082)
539 Parliament St,539,30028624,8,N/A,9980335,Toronto,,Winchester St,112001,,,83,43.666040784,Parliament St,4162,-79.368472368,539,,former Toronto,83,Bike Rack,,M4X 1P7,2.9,Toronto Centre (13),,,2016,7922,POINT (-79.36847237139587 43.66604078719257)
55 John St,55,825934,16,N/A,1146312,Toronto,,John St,104008,,,84,43.646162378,John St,9747,-79.3889347303,55,,former Toronto,84,Bike Rack,Metro Hall,M5V 3C6,2.9,Spadina-Fort York (10),,,2015,7923,POINT (-79.38893149205721 43.64615379351022)
584 Bloor St W,584,13991066,8,N/A,8353520,Toronto,,,115001,,,85,43.6651092517,Bloor St W,458,-79.4126968512,584,,former Toronto,85,Bike Rack,,M6G 1K4,2.9,University-Rosedale (11),,,2017,7924,POINT (-79.41269361216233 43.66510067269366)
595 Bay St,595,7792268,8,N/A,7792266,Toronto,,Dundas St W,104008,,,86,43.6562210316,Bay St,2962,-79.3833010622,595,,former Toronto,86,Bike Rack,,M5G 2C2,2.9,University-Rosedale (11),,,2016,7925,POINT (-79.38329782786812 43.65621244770021)
61 Front St W,61,10864312,72,N/A,10864309,Toronto,,Front St,115001,,,87,43.6452539881,Front St W,3472,-79.380073283,61,,former Toronto,87,Bike Rack,,M5J 1E5,2.9,Spadina-Fort York (10),,,2015,7926,POINT (-79.38007005363704 43.64524540568843)
612 Bloor St W,612,772899,8,N/A,1143160,Toronto,,,107010,,,88,43.6647427537,Bloor St W,458,-79.4138420659,612,,former Toronto,88,Bike Rack,,M6G 1K7,2.9,University-Rosedale (11),,,0,7927,POINT (-79.41383881581429 43.6647341700049)
621 King St W,621,10180172,8,N/A,14674278,Toronto,,King St W,115001,,,89,43.6440114614,King St W,3780,-79.4011530788,621,,former Toronto,89,Bike Rack,,M5V 1M5,2.9,Spadina-Fort York (10),,,2016,7928,POINT (-79.40114984598254 43.64400288295218)
636 Queen St E,636,30033825,8,N/A,11585489,Toronto,,Caroll St,112001,,,90,43.658432227,Queen St E,4237,-79.352595353,636,,former Toronto,90,Bike Rack,,M4M 1G3,2.9,Toronto-Danforth (14),,,2016,7929,POINT (-79.35259535018309 43.65843223281562)
65 Dundas St W,65,20040470,32,N/A,7762832,Toronto,,Bay St,112001,,,91,43.6556023619,Dundas St W,558,-79.3830105191,65,,former Toronto,91,Bike Rack,Eaton Centre Retail Entr,M5G 2C3,2.9,Toronto Centre (13),,,2016,7930,POINT (-79.38300728516927 43.65559377586233)
666 Queen St E,666,8292528,8,N/A,8292524,Toronto,,Munro St,107010,,,92,43.658698889,Queen St E,4237,-79.351500513,666,,former Toronto,92,Bike Rack,,M4M 1G8,2.9,Toronto-Danforth (14),,,2016,7931,POINT (-79.35150051425309 43.65869889392432)
675 Bloor St W,675,8416907,56,N/A,8416891,Toronto,,Manning Ave,115001,,,93,43.6638148143,Bloor St W,458,-79.4162571017,675,,former Toronto,93,Bike Rack,,M6G 1L3,2.9,University-Rosedale (11),,,2016,7932,POINT (-79.41625385498347 43.66380623449299)
686 Queen St W,686,856701,10,N/A,1146191,Toronto,,Euclid Ave,104008,,,94,43.6465867825,Queen St W,4238,-79.4079470332,686,,former Toronto,94,Bike Shelter,,M6J 1E7,3.0,Spadina-Fort York (10),,,2015,7933,POINT (-79.40794379647146 43.64657820358701)
692 Bloor St W,692,8416837,16,N/A,8416823,Toronto,,Clinton Pl,115001,,,95,43.663985824,Bloor St W,458,-79.4174364978,692,,former Toronto,95,Bike Rack,,M6G 1L4,2.9,University-Rosedale (11),,,2016,7934,POINT (-79.41743325393368 43.66397724476118)
693 Bloor St W,693,8416838,8,N/A,8416823,Toronto,,Clinton St,115001,,,96,43.6635495575,Bloor St W,458,-79.4173544455,693,,former Toronto,96,Bike Rack,,M6G 1L5,2.9,University-Rosedale (11),,,2016,7935,POINT (-79.4173511984097 43.66354097154042)
695 Lansdowne Ave,695,10335151,8,N/A,14012788,Toronto,,Lansdowne Ave,115001,,,97,43.659129042,Lansdowne Ave,3814,-79.442810428,695,,former Toronto,97,Bike Rack,,M6H 3Y9,2.9,Davenport (9),,,2014,7936,POINT (-79.44281042946152 43.65912904362075)
71 New Forest Sq,71,367443,8,N/A,20050441,Toronto,,Steeles Ave E,100001,,,98,43.8230417233,New Forest Sq,9497,-79.3074506176,71,,Scarborough,98,Bike Rack,,M1V 2Z6,2.9,Scarborough-Agincourt (22),,,2016,7937,POINT (-79.30744739069337 43.82303310613315)
71 Second St,71,7389731,8,N/A,7389724,Toronto,,Second St,102001,,,99,43.6036769908,Second St,2447,-79.49976953,71,,Etobicoke,99,Bike Rack,Second Street Junior Middle School,M8V 2X4,2.9,Etobicoke-Lakeshore (3),,,2016,7938,POINT (-79.49976625817399 43.60366842239148)
720 Bay St,720,10906649,8,N/A,10906644,Toronto,,Gerrard St W,115001,,,100,43.6588456913,Bay St,2962,-79.3854881693,720,,former Toronto,100,Bike Rack,,M5G 2K1,2.9,University-Rosedale (11),,,2016,7939,POINT (-79.38548493549631 43.65883711263024)
736 Bay St,736,14120392,8,N/A,7792579,Toronto,,Bay St,115001,,,101,43.6593520626,Bay St,2962,-79.3856502775,736,,former Toronto,101,Bike Rack,,M5G 2M4,2.9,University-Rosedale (11),,,2016,7940,POINT (-79.3856470491767 43.65934348364708)
743 Pape Ave,743,10386594,32,N/A,10386591,Toronto,,Lipton Ave,115001,,,102,43.6798959084,Pape Ave,280,-79.3450156115,743,,former Toronto,102,Bike Rack,,M4K 3T1,2.9,Toronto-Danforth (14),,,2015,7941,POINT (-79.34501238477132 43.67988732397875)
777 Victoria Park Ave,777,11382307,8,N/A,11382305,Toronto,,Victoria Park Ave,108001,,,103,43.694543565000004,Victoria Park Ave,370,-79.289157057,777,,Scarborough,103,Bike Rack,,,2.9,Scarborough Southwest (20),,,0,7942,POINT (-79.28915705118068 43.69454357004265)
78 Tecumseth St,78,30025064,8,N/A,20053421,Toronto,,King St W,100002,,,104,43.643048043,Tecumseth St,4534,-79.405441427,78,,former Toronto,104,Bike Rack,,M5V 0A9,2.9,Spadina-Fort York (10),,,2016,7943,POINT (-79.40544142218637 43.64304804730625)
790 Bay St,790,7792587,8,N/A,7792579,Toronto,,Bay St,104008,,,105,43.6604545487,Bay St,2962,-79.3861783154,790,,former Toronto,105,Bike Rack,,M5G 1N8,2.9,University-Rosedale (11),,,2016,7944,POINT (-79.38617508454274 43.66044596435027)
798 Richmond St W,798,7569577,16,N/A,7569576,Toronto,,Niagara St,100002,,,106,43.6451383038,Richmond St W,4277,-79.4098140977,798,,former Toronto,106,Bike Rack,,M6J 3P3,2.9,Spadina-Fort York (10),,,2016,7945,POINT (-79.40981085721643 43.64512972449437)
802 College St,802,785507,8,N/A,1144782,Toronto,,Roxton Rd,107010,,,107,43.6548529019,College St,9765,-79.4217131114,802,,former Toronto,107,Bike Rack,,M6G 1C8,2.9,University-Rosedale (11),,,2016,7946,POINT (-79.42170986468233 43.65484431893965)
813 Bloor St W,813,773004,8,N/A,30039479,Toronto,,Bloor St W,112001,,,108,43.662553805,Bloor St W,458,-79.421762941,813,,former Toronto,108,Bike Rack,,M6G 1L8,2.9,University-Rosedale (11),,,2014,7947,POINT (-79.42176294578546 43.66255380260187)
82 Fort York Blvd,82,20364714,8,N/A,30036751,Toronto,,Fort York Blvd,112001,,,109,43.640021775,Fort York Blvd,15826,-79.396770825,82,,former Toronto,109,Bike Rack,,M5V 4A6,2.9,Spadina-Fort York (10),,,2016,7948,POINT (-79.39677083094118 43.64002177349756)
860 College St,860,10576992,8,N/A,10576972,Toronto,,Concord Ave,115001,,,110,43.6544660667,College St,9765,-79.4238571554,860,,former Toronto,110,Bike Rack,,M6H 1A2,2.9,Davenport (9),,,2016,7949,POINT (-79.42385391284145 43.65445748480382)
901 King St W,901,6047970,8,N/A,14024874,Toronto,,King St W,115001,,,111,43.641881007,King St W,3780,-79.4112500219,901,,former Toronto,111,Bike Rack,,M5V 3H5,2.9,Spadina-Fort York (10),,,2016,7950,POINT (-79.41124678400446 43.64187242381263)
92 Fort York Blvd,92,30039986,8,N/A,30036751,Toronto,,Fort York Blvd,115001,,,112,43.639981396,Fort York Blvd,15826,-79.396968175,92,,former Toronto,112,Bike Rack,,M5V 4A7,2.9,Spadina-Fort York (10),,,2016,7951,POINT (-79.39696816950709 43.63998140032183)
92 Sudbury St,92,30035793,14,NO,7553518,Toronto,,Lisgar St,112001,,,113,43.641345894,Sudbury St,4502,-79.423165638,92,,former Toronto,113,Bike Corral,,M6J 0C5,5.5,Davenport (9),,,2017,7952,POINT (-79.42316563774665 43.64134589728486)
940 College St,940,785590,8,N/A,14018364,Toronto,,Dovercourt Rd,107010,,,114,43.6537515607,College St,9765,-79.426630956,940,,former Toronto,114,Bike Rack,,M6H 1A5,2.9,Davenport (9),,,2016,7953,POINT (-79.42662770658423 43.65374297996585)
95 Front St E,95,11075760,8,N/A,11075761,Toronto,,Lower Jarvis St,115001,,,115,43.6491898377,Front St E,3471,-79.3714969414,95,,former Toronto,115,Bike Rack,,M5E 1C2,2.9,Toronto Centre (13),,,2014,7954,POINT (-79.3714937127787 43.64918125883236)
95 River Grove Dr,95,379258,8,N/A,20052191,Toronto,,Kennedy Rd,100001,,,116,43.8209557044,River Grove Dr,8803,-79.3173928836,95,,Scarborough,116,Bike Rack,,M1W 3T8,2.9,Scarborough-Agincourt (22),,,2016,7955,POINT (-79.31738965103837 43.82094709444009)
953 Gerrard St E,953,10034904,16,N/A,10034902,Toronto,,Pape Ave,106007,,,117,43.668053666,Gerrard St E,3495,-79.339396987,953,,former Toronto,117,Bike Rack,"Matty Eckler Playground,Pape Avenue Playground",M4M 1Z4,2.9,Toronto-Danforth (14),,,2016,7956,POINT (-79.33939698304046 43.66805367113105)
